;RChange;CChange;CRatio;RRatio;RVol;CVol;RES;Pred
0;0.06791171477079651;-0.6483510309568014;0.7679738562091504;0.8033333333333333;1.0476484205391778;1.0393818287864056;0.8551724137931097;1
1;-1.5709459459459456;-1.7471783295711043;1.2635983263598327;0.9816849816849816;1.2155521427547864;0.8879421237804462;-0.4464285714285817;0
2;-0.1712328767123312;-0.5022988505747059;0.9390681003584229;0.9252669039145908;0.855774038593984;0.7291139131836497;-0.25188916876573275;0
3;-2.2736986067185203;-0.6924855491329563;0.7508090614886731;0.7564935064935064;1.0329070656242483;0.7813751216426681;1.0514350667803483;1
4;-1.47766022558363;-1.8604651162790715;1.0415094339622641;1.0968992248062015;0.9356926061847093;0.7871158686753484;-0.2881844380403499;0
5;-1.6101845280340648;-1.6506108326519813;0.9049295774647887;0.7284345047923323;1.185201302924323;1.1089032770877931;-1.1737089201877893;0
6;-0.5962059620596175;-1.4510278113663753;0.8591065292096219;1.0888030888030888;1.1532531756585191;0.865921134231337;-0.20864381520121425;0
7;2.4413400244134027;4.668304668304655;1.11328125;1.0807692307692307;1.7726205898712861;1.3822759439043;-0.40022870211547595;0
8;-0.1568490763332231;0.7003754106053637;0.8982456140350877;1.0037037037037038;1.5717855520595603;1.0788135088660853;-0.28490028490026875;0
9;0.7236642544524797;1.2278657968313083;1.0807692307692307;1.0037037037037038;1.867821612735722;0.9626908977053958;0.5064715813168053;1
10;3.770351328191938;5.805501886098071;1.0492424242424243;1.0807692307692307;1.728087063029211;1.0159857594295354;1.6822429906541931;1
11;-1.64257555847569;-2.5232936078006585;1.0037037037037038;0.9889705882352942;1.7106905471347231;0.9739361465260653;-0.6521739130434644;0
12;2.201310704083351;1.7828507795100212;1.0262172284644195;1.105058365758755;1.4547752314647477;1.1156033191372903;0.4287245444801624;1
13;1.2612464565958643;2.2443589659291465;1.0492424242424243;1.0262172284644195;1.337830939240398;0.9719407435936874;0.2627430373095151;1
14;-1.867406018103231;-2.556634304207121;0.8401360544217688;0.9252669039145908;1.485925690737148;0.9264205443375477;-1.4161220043572877;0
15;0.0;-0.06684491978609877;0.9672727272727273;0.996309963099631;1.2911239887600046;0.924179345554183;-0.24610336341264263;0
16;0.6354084471946514;0.06681514476614953;0.7796052631578947;0.911660777385159;1.0916465060856047;0.7004812974714857;0.5720512122037615;1
17;-0.6747860434496323;-0.8869179600886926;0.8338983050847457;0.6959247648902821;1.1143508854833022;0.8342530845551502;-0.7658643326039225;0
18;0.3312355084464984;1.1396648044692772;0.690625;0.7796052631578947;1.4246884762781893;1.0796410063480346;-0.4872766648619376;0
19;0.4214876033057893;-0.022150847269915473;0.8277027027027027;1.0037037037037038;1.2274778624569624;1.008479714280725;0.3264417845484346;1
20;-1.2315776509708938;-1.1519716437749332;0.8464163822525598;0.7395498392282959;1.1119959658114003;0.8535594797375948;0.1924663183942818;1
21;0.8729630861323554;1.9058295964125553;1.1814516129032258;0.8401360544217688;1.0023458998398003;1.1707260398843284;-0.27129679869777923;0
22;0.11964189941830129;-0.4851157662624088;0.4015544041450777;0.5958702064896755;1.0219248955542453;1.1550698942706517;-0.2724795640327014;0
23;-0.10713697049613456;-0.4977876106194683;0.5545977011494253;0.7174603174603175;0.9885866430690495;1.2096830566546581;-0.2745744096650231;0
24;1.0313531353135312;0.5232105087387156;0.5196629213483146;0.7508090614886731;0.8817763293643832;0.986804657402909;0.2733734281027923;1
25;-0.9554787558446817;-0.752378844877181;0.5196629213483146;0.8591065292096219;1.1159572582004746;0.6368590209000398;0.30378348522507437;1
26;-0.2954209748892167;-0.7692307692307786;0.5911764705882353;0.8916083916083916;0.927398672678352;0.7746175255211758;0.5288060116893897;1
27;-1.5991735537190102;-1.7283950617283943;0.654434250764526;0.8401360544217688;1.182899899144029;0.7405915202870984;-0.3397508493771162;0
28;-0.9220452640402299;-1.5662512861552587;0.6053412462908012;0.9816849816849816;0.986682432582088;0.6908410860396573;-0.11520737327188695;0
29;1.0805335134222533;0.7052023121387276;0.6749226006191951;0.9460431654676259;0.88106718251839;0.8485038384088281;-1.0556348074179671;0
30;-0.0500667556742342;0.05737234652898201;0.654434250764526;0.9321428571428572;0.9380643448823428;0.654314803318256;0.17094017094017744;1
31;-0.3411407413570717;0.1488265598168277;0.6023738872403561;0.7419354838709677;0.968058893207785;0.6678261761339431;-0.22753128555175856;0
32;0.2416666666666719;0.09145992911856517;0.6697530864197531;0.9601449275362319;0.8277066725697064;0.8962568585441869;0.3694231315714765;1
33;0.5150357202193093;0.03423875827436788;0.6053412462908012;0.9816849816849816;0.7265334434283448;0.6648565410385152;0.28360748723764695;1
34;-0.09098052189735696;-0.3881278538812662;0.6149253731343284;0.8719723183391004;0.7295961643388159;0.590605742198393;-0.11402508551881171;0
35;-0.6423272968380969;-0.6300114547537196;0.5069637883008357;0.7012578616352201;0.756183157232723;0.6944319450039886;-1.090074584050495;0
36;0.04983388704317945;1.395348837209314;0.7284345047923323;0.9889705882352942;0.957256530624242;0.7880894731374968;-0.22831050228310015;0
37;0.09958506224066767;-0.03436426116838618;0.6005917159763313;0.8527397260273972;0.5381413748509332;0.6364758393407728;-0.11402508551881171;0
38;0.3769520732364014;0.8475546901843987;0.6595092024539877;0.8719723183391004;0.7591458002522671;0.7890613191655733;0.36775106082037506;1
39;0.2800658978583107;-0.8959963706476196;0.6056338028169014;0.8095238095238095;0.6505563016887751;1.106154179359807;0.2277904328018377;1
40;0.6409729640890798;0.2860411899313542;0.5196629213483146;0.7737704918032787;0.8412816024102735;0.8133434568497342;0.11376564277589948;1
41;-0.6618187760437962;-0.3992243640926217;0.4162303664921466;0.8338983050847457;0.7662893506395356;0.7548710680457097;-0.22805017103762343;0
42;-0.44262295081967723;-0.2399451553930621;0.4350132625994695;0.8464163822525598;0.6977213928491932;0.8566396008951532;0.22857142857142368;1
43;-0.17707861466870106;-0.08018327605956098;0.4903581267217631;0.8719723183391004;0.6087475327913601;0.9279455064803261;-0.1144164759725376;0
44;-1.245901639344259;-0.11463945890177189;0.48660714285714285;0.6567164179104478;0.8893306668432432;1.06937497612424;0.28620492272467496;1
45;-0.6798209252197043;-1.456088053198795;0.4370860927152318;0.6439393939393939;1.0424661772172163;1.1678307061353037;-0.3484320557491215;0
46;-0.025041736227046023;-0.2555168408826974;0.46205357142857145;0.5898058252427184;1.0605771176005923;1.1830343642729966;-0.17016449234260428;0
47;-0.3208734425136518;-0.16307513104252908;0.4866666666666667;0.8687150837988827;1.0147330559416181;1.5182135749558061;0.2551743691522435;1
48;0.42485838053981245;-0.3381924198250719;0.513215859030837;0.5578231292517006;0.9812940376550031;1.2455075883847029;0.17113519680548284;1
49;-0.23217247097844207;0.08185219831617953;0.5223214285714286;0.6553398058252428;1.3178376069135298;1.1519339759207616;0.341296928327658;1
50;0.48501430170377485;0.9458197104156879;0.5995145631067961;0.7342105263157894;1.690452626985473;1.0879866326514265;0.7056167090036692;1
51;-0.5081967213114791;-0.8209990749306167;0.6344827586206897;0.8372093023255814;2.0428170407990898;1.433840148746096;-0.3129445234708377;0
52;-3.540983606557371;-3.1945901830476755;0.6441860465116279;0.7413793103448276;1.9060570666997685;1.5483888238935288;-0.6451612903225566;0
53;-1.4965986394557746;-2.5412501505479983;0.7420924574209246;0.8992042440318302;2.254691535430641;1.7950046995934277;0.5438066465257005;1
54;0.35660580021482813;0.3708281829418957;0.6326530612244898;0.9302949061662198;1.743584204892427;1.1808544300098502;0.3003003003003046;1
55;0.7019810508182704;0.4310344827586225;0.6682134570765661;0.7753086419753087;1.4825038280570457;1.1216215278650172;1.1054675829100822;1
56;-2.0762423417290656;-1.63070132417853;0.5021551724137931;0.8010335917312662;1.4157664230088214;1.363435542979807;-0.7272727272727333;0
57;-0.6770833333333343;1.0075880084587576;0.6935866983372921;0.8912466843501327;1.7315924719428055;1.4710948278922178;0.5693736889421781;1
58;2.7195641667765025;2.7090259820219043;0.9565217391304348;1.0809248554913296;1.6607147230935821;1.302310982378659;2.2026431718061463;1
59;0.9822003002358961;-1.2068347472816239;0.7839195979899497;0.9346049046321526;1.1323914257082166;0.7228066733458643;-0.11806375442738827;0
60;0.9417808219178156;-0.9902185726361639;0.6748768472906403;0.8181818181818182;1.0041769148359194;0.6223807051461807;-0.3567181926278164;0
61;2.073791348600503;4.573170731707318;0.7512437810945274;1.0056980056980056;0.8830933541034001;0.6198011258536884;-0.7449856733524501;0
62;0.20566821603389412;0.023383608090715435;0.7423469387755102;0.8409703504043127;1.0112142550719192;0.5762979713693344;1.0647482014388416;1
63;0.33718491714297183;-0.735981308411222;0.5319634703196348;0.8283378746594006;1.1825124315174194;0.8085140049893316;0.5035596457718339;1
64;2.7662800704889143;1.2514619883040856;0.68;0.9245283018867925;1.225894167975342;0.8506837856048974;-0.1648570291626395;0
65;1.5472962194927404;0.6724637681159401;0.5303030303030303;1.0257879656160458;1.0821685601132798;0.8730823865695041;0.47602856171370067;1
66;0.7704039732509479;-0.18392918726290394;0.8548812664907651;0.8403141361256544;1.4527207257133832;1.009655233278624;-0.289888023645759;0
67;-0.6091846298031763;-0.08053382420616283;0.8111702127659575;0.7874015748031497;0.967965807668348;0.9638192960039117;0.1422960897034671;1
68;-2.1235521235521184;-1.0582010582010641;0.6407766990291263;0.7604166666666666;0.8870042154565214;0.741879323860897;-0.09749383494866926;0
69;-0.656649075454214;-0.7906057435182117;0.607565011820331;0.798941798941799;0.8561505523696544;0.833994540010346;-0.1160362032954257;0
70;-0.028412550229327104;-0.3281378178834958;0.725;0.7293233082706767;0.7575921197305471;0.780884567478385;0.676558552803499;1
71;-0.2866949323642269;-0.5055849500294066;0.6004901960784313;0.8138888888888889;0.6883933207794742;0.7663879319518528;-0.10235414534289719;0
72;-0.31253805252263267;-0.3189604252805582;0.6608040201005025;0.7213541666666666;0.8907501181672033;0.731483604754377;0.07927885603547294;1
73;-0.1791530944625398;-1.2713878326996326;0.6476190476190476;0.7608142493638677;1.1051020957969904;0.8583227830811717;-0.16662699357297214;0
74;0.28683822324209846;0.27680828017813774;0.6715686274509803;0.6881188118811881;1.000690644710033;0.9961323539229979;0.10693916349810292;1
75;0.30587275693311583;0.9243697478991592;0.54292343387471;0.8732394366197183;0.9102321816223368;0.9406649687274116;0.5676637548163327;1
76;0.578222982327546;1.0101010101010204;0.7416879795396419;0.6773399014778325;0.8483372927889201;1.17192073403505;0.622708490950354;1
77;-0.020247013565492186;-0.34121661371926004;0.6504854368932039;0.9825072886297376;0.8016140669715991;0.9993343498971475;-0.15478519903039417;0
78;0.3261578604044404;-0.6737588652482314;0.5558139534883721;0.7376623376623377;1.081985626219567;0.9668591659199697;-0.39390910694338394;0
79;-0.4292019273595992;-0.5338078291814938;0.5203619909502263;0.7637795275590551;0.838096246809807;1.1282139087192329;-0.17707472553418213;0
80;-0.1101052116466888;0.202863961813836;0.5022026431718062;0.6473429951690821;0.6992401306812034;0.9747095400600888;-0.14134275618375094;0
81;0.6883629994704891;-0.04751722499405511;0.5422535211267606;0.6024390243902439;0.8100278224524878;0.8475953581562411;0.2117397953182059;1
82;0.327153762268267;-0.08319467554076151;0.5883720930232558;0.8661202185792349;1.021462591561242;1.0262908289374453;0.16497761018146767;1
83;-1.6049681425921405;-0.18973081939997644;0.538961038961039;0.7775;1.1098365390057308;1.0072839140683225;-0.13242694446897296;0
84;0.21359622098994055;-0.5700712589073639;0.4559139784946237;0.8247978436657682;0.9549582643850056;0.9950971849119243;-0.23081020299460217;0
85;0.5040777017335429;1.3061713600958655;0.5263157894736842;0.6650717703349283;0.9487727426424415;0.994493740289169;0.1964521331183116;1
86;-1.6372130814543984;-0.6864717718073124;0.4589473684210526;0.7238805970149254;0.8424964795127552;1.044148368560017;-0.22453320727960444;0
87;-0.591157272466028;0.8330358205402866;0.5822222222222222;0.868766404199475;0.9976395291362089;1.1941063988851086;0.12904739558893724;1
88;0.4812479256554915;0.2938065577623734;0.5462555066079295;0.8571428571428571;0.8372120089429301;0.9746783949463886;0.2708290864614681;1
89;-0.04137360364087477;0.11709601873538132;0.5522727272727272;0.7423469387755102;1.3245246618309041;1.0565432446386993;-0.20052893138421785;0
90;-0.8949831677477652;-0.6782832417261119;0.42355371900826444;0.6723300970873787;0.6648241881750852;1.0355539749849154;0.12298682284041461;1
91;0.14890800794176606;-0.3888757954277781;0.34860557768924305;0.781578947368421;0.6623660283372532;0.8851511114612788;-0.14979293329807275;0
92;0.037263994700233276;0.3546099290780066;0.4519650655021834;0.6101694915254238;0.5051864194155923;0.7725269537024407;-0.2514472837845697;0
93;0.5369681949607648;-0.03540658562492757;0.3966597077244259;0.6809045226130653;0.6827136064752292;0.8204801506464301;-0.10275078530956344;0
94;0.04121501875283119;-0.05899705014748089;0.4139344262295082;0.6707021791767555;0.866606527210542;0.6366061558122859;-0.047020101093212176;0
95;0.38035389449314366;-0.3071107961256769;0.4012738853503185;0.6336633663366337;0.637389466482787;0.9853830715594609;0.1413927182750142;1
96;0.2519828155981433;0.10663507109005144;0.5010845986984815;0.683698296836983;0.9433281340058951;0.9778554950686607;-0.08830281980338239;0
97;0.13240100955769504;-0.4024144869215375;0.3313373253493014;0.7058823529411765;0.6997380083118846;0.8129538675400859;0.12413548501505728;1
98;0.9272232753647078;0.2733864257696385;0.5120350109409191;0.7627551020408163;0.8116623027158308;0.9337053053334564;-0.1386471577332787;0
99;-0.33888616691163814;0.23674242424241917;0.5278969957081545;0.7667493796526055;1.1590768228897472;1.0337784611166299;0.2734409455764206;1
100;-0.32685079261316513;1.344498171954249;0.7238805970149254;0.7860824742268041;1.2335344677533047;0.7586330076937664;0.34519769094653724;1
101;1.1639863447538406;1.4418604651162856;0.5343680709534369;0.7653061224489796;0.6451123846702008;0.8333027387004187;-0.14312703956030562;0
102;0.8089102069021623;0.9400435629943706;0.5908045977011495;0.8652291105121294;0.9345816899834474;0.9547182902034861;0.8047149495636374;1
103;0.5604612717229204;1.2012692656391644;0.6081081081081081;0.6959619952494062;0.8856651732561214;0.9317982602935857;-0.8804047066715247;0
104;1.0734599054714438;0.31354983202688097;0.4840764331210191;0.825065274151436;1.5958997735587956;1.0465044425033425;1.0081880465660389;1
105;-0.6334125098970683;0.2114400178054766;0.6183908045977011;0.6963855421686747;1.1430151078254729;0.9501378312260278;0.3964183738530222;1
106;-0.2383884937820312;-0.14425210830004326;0.5055187637969095;0.6513317191283293;0.80694059381468;1.0802486640171238;0.2883442386603061;1
107;-0.28351235874296526;-0.14458903347792126;0.4582441113490364;0.7284263959390863;0.907692366842429;1.0199831407104267;-0.267230820621302;0
108;1.037728259995167;0.2790178571428413;0.45473684210526316;0.9088397790055248;0.7734625799478141;1.0624873989382426;-0.12779907762404671;0
109;0.17532674529805456;0.5782275102857733;0.4692144373673036;0.6674698795180722;0.8465540002005183;1.0171123544480172;0.17137486870473106;1
110;1.4424982166917597;1.1701070758361836;0.5821917808219178;1.0873493975903614;1.231640803074698;1.0704326397696087;-0.42243730281803443;0
111;0.5507812500000098;0.326619488296128;0.5959821428571429;0.9117647058823529;1.351358266459115;1.6424203339492178;-0.2668089647812204;0
112;0.3881987577639751;0.6508298080052121;0.5220264317180616;0.7672634271099744;1.1132625954860171;0.8073832345870714;0.3287729345635866;1
113;4.425597532767933;4.118598382749322;0.8055555555555556;0.9861111111111112;1.7428063918715717;1.5302532714279498;0.6986587791320337;1
114;1.138032305433195;2.0745174940654403;0.6643518518518519;0.8530927835051546;1.399407139197832;1.2299988841451561;0.5323118252823209;1
115;2.8913043478260936;1.7156120698355024;0.899736147757256;1.0224719101123596;1.578594287513409;1.302854947763171;1.4556467370066348;1
116;-3.268799102132433;-3.6587771203155857;0.943089430894309;0.9972144846796658;2.073619148655824;1.9052780887638245;0.7339913945836476;1
117;1.7391304347826129;1.5457058040741098;0.7841191066997518;0.9972222222222222;1.5002578596969132;1.4166463336808426;1.1061449724087937;1
118;-0.8726752503576528;-2.142571085302367;0.9222520107238605;0.8868421052631579;1.1880338829591537;1.3720530116053347;-0.367042146563734;0
119;1.9218936624561156;1.9928461931527877;0.8707124010554089;0.9478021978021978;1.5501555618540745;1.2594538321343005;0.45372275803932227;1
120;2.5389723376300477;2.326277955271571;0.8642297650130548;1.0112676056338028;1.273973987350052;1.2493472776313979;0.8830183171568258;1
121;0.10055129849865246;-0.6922101979136174;0.7817258883248731;0.9180327868852459;1.5974778420627385;1.412200748445292;-0.4874225390060452;0
122;-3.1487062246700526;-2.632612966601168;0.6666666666666666;0.8218085106382979;1.2503605303190124;1.095916804068045;-0.6092080295615694;0
123;0.4766949152542453;2.121212121212112;0.7525252525252525;0.8120104438642297;0.18987773937926325;0.13178250495178728;0.7819031226948557;1
124;0.9322212097848269;1.4628842542255578;0.8351648351648352;0.7216494845360825;0.16134567075645986;0.1271464225527705;0.6463482534072551;1
125;-0.027700831024925238;1.234207968901853;0.7212276214833759;0.7081218274111675;0.20092120569800828;0.10891259347933496;0.34436579299789155;1
126;0.3443478260869597;0.5491329479768652;0.7102564102564103;0.773936170212766;0.13725531366058544;0.10969533543651604;0.43855467632757533;1
127;-2.676771188208317;-2.2946744430633927;0.754950495049505;0.8415584415584415;1.2039032745279807;0.9770808080074906;-0.23373587845735205;0
128;-0.22870211549456346;0.5772994129158442;0.708029197080292;0.691566265060241;0.6678478651392804;0.6261243921350609;0.28022031114117224;1
129;-1.691339483658735;-2.0800933125972048;0.6485849056603774;0.6843373493975904;1.1511018906618964;0.9268502407580358;-0.29650128483889465;0
130;-1.249726736136416;-0.5853174603174531;0.654292343387471;0.6466512702078522;0.8445586129155364;0.9180786362630227;-0.3302460705683599;0
131;1.550101494740723;1.8898110188981108;0.76;0.7913486005089059;0.7607773587407393;1.0225278223075192;1.07081005927263;1
132;-0.15320639089514812;-0.5292561011467243;0.5920177383592018;0.8223350253807107;0.729173251151677;1.0930814960016855;-0.4755601313918604;0
133;1.1075775852615526;0.37431048069346196;0.6740196078431373;0.6905940594059405;0.7014415329759167;0.832719795727292;0.25892813522886937;1
134;-0.7972582972582899;-0.02943196311194068;0.6252873563218391;0.8605263157894737;0.6970007149837969;0.8639157264202226;0.20999169800261613;1
135;-0.195836657721049;-0.6083799430870489;0.5990675990675991;0.5346756152125279;0.740765102232249;0.7404087969285729;-0.1620586357609451;0
136;-0.13420871268453863;-0.11844832691738677;0.5540540540540541;0.6953316953316954;0.6690894954752247;0.7265205209392549;-0.2013653553361663;0
137;0.3238601215385125;0.0691631261732998;0.6105990783410138;0.7831632653061225;0.5102300616070996;0.6264248701443448;0.5445180279617399;1
138;0.14513788098692934;0.08885378615855802;0.5110619469026548;0.733502538071066;0.6217549156367614;0.8293119172306301;-0.19862190726074166;0
139;0.3220786740491598;0.7197081731243086;0.6430260047281324;0.6013824884792627;0.7130530358380278;1.0577793766269916;0.2043199065966046;1
140;0.025271670457414772;0.6068317510032238;0.5945330296127562;0.6203703703703703;0.9691749830739788;0.9608535836787828;-0.2706621556307269;0
141;0.17306028266511442;-0.2139661544446629;0.6496350364963503;0.8575342465753425;0.690479848894286;1.1687456375055842;-0.11857229280094951;0
142;1.4919994233818603;1.3342423061939879;0.7185185185185186;0.8913043478260869;1.189414355546658;1.0308413962971683;0.5201622524457084;1
143;-0.9610269867725934;-0.6719139950086247;0.6643192488262911;0.8040712468193384;1.214899280338581;1.230649971362029;-0.5011389521639997;0
144;0.45794425959716273;0.26051717483596337;0.7456359102244389;0.9073569482288828;0.9481485230737924;0.7751583875760166;0.3153368370759625;1
145;0.5889281507655985;0.4807230074031411;0.641860465116279;0.8010204081632653;1.1387635053532208;0.7701127834299676;-0.7209942130727683;0
146;0.29833783207841136;-0.2967075038284895;0.5330396475770925;0.6771084337349398;0.8558365230889641;0.896283705207539;-0.9117528031042509;0
147;0.48151819855545025;0.08645533141210703;0.708433734939759;0.7858942065491183;0.9488014965027363;0.6459341378812924;0.1859356376638757;1
148;-0.017565431231320754;0.34552260293693815;0.49044585987261147;0.7248157248157249;0.9996635151001855;0.7567488552261677;-0.1901502186727643;0
149;1.7091612449445952;2.036913072582951;0.8404255319148937;0.9168975069252078;1.1108275942839483;1.0807076830880593;0.39665873349198416;1
150;0.894924156041593;0.8429334082607461;0.6863207547169812;0.9272237196765498;1.1296402715952292;1.17717232702554;-0.20330838185010852;0
151;0.41045286632917927;-0.16717748676510547;0.632183908045977;0.7444717444717445;1.042612340707097;0.9703235332277723;-0.8392869529028222;0
152;0.5550447781523463;0.437087324467596;0.5964125560538116;0.6872037914691943;1.0345528301721487;0.9232777713466028;-0.41455550437586297;0
153;-0.0981420691055604;0.06483882919601194;0.6045977011494252;0.6900726392251816;1.1114485331623072;1.1617985454512592;-0.3974856720280945;0
154;1.3626478184042572;0.6201980931222659;0.6826923076923077;0.8918918918918919;1.2701103073631246;1.0133563504275276;0.2540685298358788;1
155;0.38219122971705893;0.0;0.6058558558558559;0.6428571428571429;1.0946266823281043;0.9775674073414291;0.1143798325479349;1
156;-0.5987623348385896;-1.057471264367818;0.6123853211009175;0.6980676328502415;1.7856146602747995;1.7099964484560586;0.3566631154754817;1
157;0.384019403085625;1.1162790697674345;0.6430205949656751;0.94579945799458;1.5411673724200055;1.124936273654656;0.4813201925280789;1
158;0.6470864346543308;-0.1839926402943843;0.6405529953917051;0.8541666666666666;1.6300396988744459;1.1674590304842258;0.2624188573270043;1
159;0.0;0.48847926267281866;0.5584988962472406;0.7738693467336684;1.8802612354275594;1.5511064495369502;0.5239435330724873;1
160;1.5743829219479553;0.688705234159773;0.5942350332594235;0.8110831234256927;0.3027070340442836;0.32303517435722806;-0.3071322943919873;0
161;-1.8388157894736759;-2.1113243761996148;0.6475972540045767;0.8136020151133502;1.7141182109529984;1.4789238644492462;-0.2611209549566396;0
162;0.4488510752327912;0.6535947712418161;0.7016706443914081;0.9534246575342465;1.2735960127492372;1.106223052527915;-0.19430051813470595;0
163;0.19666011132963296;1.1778890743832375;0.7121588089330024;0.9602272727272727;1.3118056985642497;0.9993611946654292;0.22891676586391882;1
164;0.3664590065629363;-0.31195522525001307;0.6014150943396226;0.75;0.8422018332848465;0.925234781758903;-0.3331112591605505;0
165;0.7526559429846442;0.42279411764705305;0.6190476190476191;0.8681318681318682;0.6736429661173543;0.7051551767496815;0.15773952403812155;1
166;-0.20832644423135882;-0.6316367630904345;0.6303317535545023;0.8249336870026526;0.9635562200158483;0.8130238241783345;0.3078053934855359;1
167;0.8523481029450761;0.2581358901078683;0.5334872979214781;0.6982097186700768;0.7204970037666488;0.7808633772057126;0.22735101619015674;1
168;-0.006591957811464012;-0.3305178112376018;0.6804878048780488;0.7443037974683544;0.9959692282802107;0.814358220223996;0.11038542912335991;1
169;0.3064553333113487;0.9110988404196595;0.5990566037735849;0.8324324324324325;0.7288793235412185;0.7259980007345845;-0.23248393125770128;0
170;-1.189025394420478;-0.45549785916006835;0.6556603773584906;0.6834532374100719;1.1703411644440733;1.3824628176314355;-0.13275349050125848;0
171;0.43001433381111487;0.027437351381014396;0.589041095890411;0.7313432835820896;0.7562197800366288;0.9165939098675309;0.19433457555042608;1
172;0.8193186718413009;0.5025125628140678;0.5263157894736842;0.8075880758807588;0.9204713078704353;0.8796642424325241;0.14139192495005337;1
173;0.6521309531651466;0.8090173620579986;0.6367924528301887;0.8025974025974026;1.2791732271585292;1.6234790951970086;-0.25613042606740016;0
174;0.8638743455497336;0.9017132551848481;0.6;0.8644986449864499;0.8585847749924453;0.8358667370859575;0.4707078296612251;1
175;0.28915819227394857;-0.08036431824270328;0.662621359223301;0.7341772151898734;1.2750186753177026;0.9629949124526428;-0.21203286509409758;0
176;-0.454486430333734;-0.2948007861354408;0.9514285714285714;0.7786458333333334;1.12175368947005;0.7521278420692952;-0.2106290047225215;0
177;0.5808451623429693;0.22401433691756592;0.8342105263157895;0.7645569620253164;1.250075048003759;1.0674127287788187;0.3518866880601946;1
178;-1.0126664712969338;-0.8039303260384087;0.8443271767810027;0.7651515151515151;1.5322148179523696;1.1633514551532542;0.24504343951882251;1
179;1.3178218147162215;0.5960444324031333;0.8465608465608465;1.0057471264367817;1.340247387875192;1.1523259131884815;-0.13540811116783932;0
180;-0.07493077048377957;-0.2423698384201169;0.6351039260969977;0.7744360902255639;1.145625908721809;0.9590034768737562;-0.1379310344827691;0
181;0.29671655417523396;0.5399082156033519;0.6881188118811881;0.7265822784810126;1.2481777295964724;0.9864686661573936;0.07969538652262766;1
182;0.20129870129870275;0.2685765443151241;0.7346938775510204;0.7662337662337663;0.8397870920250243;0.9000111096981236;0.1967329074471112;1
183;-0.09720692113278834;-0.08034996875279297;0.4451476793248945;0.6506024096385542;1.164152259461891;1.1816432579575606;0.13487518517699593;1
184;0.8381793963808791;0.7952108649035061;0.7025;0.7734375;0.7357253896568358;1.0946235819284844;0.1580056179775341;1
185;1.8595776333236311;1.6725978647686885;0.6334106728538283;0.7254901960784313;0.7503544102007436;0.9004975799079805;0.24257125530623486;1
186;1.0034294423980592;0.5331235797937418;0.6745843230403801;0.8900804289544236;1.0504489853065766;1.1749740200803773;0.31891053266677327;1
187;0.5257027733182104;0.5121972393436867;0.6244131455399061;0.7974025974025974;0.8115216577665141;0.9709258063913411;0.21648269210159488;1
188;1.9321704819465806;1.8119068162208873;0.7243107769423559;0.9713467048710601;1.0597302255049983;1.1041447975047796;0.4650379816088978;1
189;-0.35006909258405844;0.016934801016078676;0.8868421052631579;0.9378378378378378;1.5749677119593535;1.5866905187388411;-0.4020121656037602;0
190;1.1025426615875382;0.33022861981371465;0.6571428571428571;0.8659517426273459;0.9001062990962231;1.1085393468899067;0.18487394957983394;1
191;0.5027282202194796;0.8297349928033253;0.5902777777777778;0.7797927461139896;0.6385048293524461;0.9091777890405374;0.3026444866523262;1
192;-0.1705445243025954;-0.31871173362409005;0.5926773455377574;0.8125;0.7412937076462353;0.7120060880419603;-0.3724316859856977;0
193;-0.6711409395973119;-0.31951568149331755;0.681704260651629;0.7073791348600509;0.8943882492741202;0.8753010524298991;0.3744372922714552;1
194;0.2635611400551681;0.09255363904081623;0.5963302752293578;0.8219895287958116;0.7807780022074682;0.8514441917373277;0.25766177179125294;1
195;-0.3061755610667156;-0.6391925988225442;0.6498800959232613;0.7823834196891192;0.9351213360499816;0.9210682847118115;0.08881370268557562;1
196;0.1167721713477953;0.24545069826491678;0.6256038647342995;0.9563953488372093;0.7475819094446671;0.7791937327330725;0.2278865631330269;1
197;0.5000613572217437;0.016873365392733215;0.6446078431372549;0.8901408450704226;0.734158780354293;0.8507971388326101;0.2966485030821803;1
198;-0.3299725022914708;-0.2614930409110129;0.550351288056206;0.774798927613941;0.9238522834051189;1.0921821529201936;0.19617356086653112;1
199;0.06736481107233366;-0.1436296045961428;0.6084905660377359;0.5395033860045146;0.8307173375909753;0.8902846286431333;0.12883604029822363;1
200;-0.3400422755261507;-0.23728813559322431;0.5552995391705069;0.5919811320754716;0.8814956124348414;0.9537122811027268;-0.20356234096692882;0
201;0.35349809418419836;-0.11045029736618436;0.4901098901098901;0.8373983739837398;0.8977848715564881;0.9323980555793545;-0.11458642787421389;0
202;0.25180408413942884;-0.05102040816326724;0.39094650205761317;0.7157360406091371;0.9218032903671091;1.0487006668609276;0.45131899565630645;1
203;-0.4041022501147997;-0.5775927970780568;0.6019184652278178;0.8764044943820225;0.9978779780251178;1.0535260548848822;0.14047933251032843;1
204;-1.2793701562307862;-1.033569659178273;0.6633663366336634;0.8512396694214877;1.779009659128184;1.869372203349924;-0.16967718378831295;0
205;-0.5992509363295753;-0.7253886010362662;0.6875;1.0230547550432276;0.7149540941376304;1.1561190559167946;0.5141943568249568;1
206;-0.18273471959671836;-0.40866011651159745;0.713216957605985;0.6634382566585957;0.7883397209162368;1.1365176015636382;0.44456066945605277;1
207;-1.4800088358736463;-1.6495025309827198;0.6122931442080378;0.8382749326145552;1.0464030078168833;1.3453642105854986;0.39815961776676634;1
208;-1.010617884098767;-1.0281864917567778;0.7840616966580977;0.8506666666666667;1.8944268802117208;1.611956606591136;-0.5351886540005396;0
209;1.0435513052468397;0.6355742547668204;0.7379679144385026;0.6372795969773299;0.19362950720777478;0.14443152880599586;0.14402517116837146;1
210;-2.537241710715989;-2.604675971197449;0.6762589928057554;0.8394736842105263;1.9996611084408722;1.4655538309493492;-0.4773812230052143;0
211;1.1875390637849974;0.7940854326396471;0.727735368956743;0.9455587392550143;1.6342205010764006;1.5164068020161101;0.9968875456718845;1
212;1.2638487280288464;0.4605381975799183;0.8648648648648649;0.8801089918256131;1.5815522336463739;1.2400025010376645;-0.3152599217439871;0
213;1.9119966523964325;2.0629652883666734;0.8766756032171582;0.8817204301075269;1.1007353408358858;1.048931790795985;-0.17061113784505652;0
214;1.678945205046322;0.940080829379732;0.7184466019417476;0.873015873015873;0.8556242047293624;0.854981387930693;0.4463318455605215;1
215;-0.9365212267807976;-0.9904430929626324;0.835509138381201;0.8118556701030928;1.077089859909146;0.9331404358764174;0.3753209982221623;1
216;0.5578013851023073;0.29903254177661126;0.6180555555555556;0.760705289672544;1.0515983964509736;0.7975914469820686;0.22089539181591755;1
217;-0.34567593659494056;-0.28934677772906164;0.7029702970297029;0.7461928934010152;1.1508786146467889;0.7027778198408983;-0.11407511407509764;0
218;0.49211672883429464;0.23801128349789338;0.5292792792792793;0.727735368956743;0.827275404616671;0.5820010011588588;0.1887206495501394;1
219;0.04681794063486192;-0.3165948465394388;0.49452954048140046;0.7247474747474747;0.889121783070635;0.787624260030064;0.16933869939083215;1
220;0.024960219649927954;-0.05295207836907799;0.5970873786407767;0.6616161616161617;0.7988400369665624;0.6727415340671632;0.1298615543767691;1
221;0.24070021881839287;0.017660044150116273;0.6372549019607843;0.7486910994764397;0.8761202175820695;0.6456418798405654;-0.18733608092918885;0
222;-0.13409424018461558;-0.21188311115034106;0.39112050739957716;0.7929155313351499;0.7392246643693491;0.7916783414306547;-0.09278487164761343;0
223;1.1418024838114234;0.8768821966341914;0.5195652173913043;0.7388059701492538;0.8955686769509434;0.8832390071081486;0.19252647238995574;1
224;0.43006095108444764;0.3160389781406337;0.6990291262135923;0.7948717948717948;0.9122649516766339;0.9687931331121787;-0.27717759008270665;0
225;0.5361348704599039;-0.21047092870298084;0.6018518518518519;0.71712158808933;0.7538067945974575;0.8556721475976151;-0.44986723430401876;0
226;-0.3209183201160306;-0.18469656992083572;0.6855036855036855;0.7192982456140351;0.7150551442276118;0.8030513508107362;0.0968650933427352;1
227;1.1040813794814546;1.0659853757378086;0.7402597402597403;0.8157181571815718;0.8047559364932235;0.6962590140378202;0.15015995299341173;1
228;-0.4978029069231492;-0.9410944579993076;0.5723981900452488;0.7160493827160493;0.7931144411243188;0.8930928052156052;0.17125543406666438;1
229;0.5527762337100922;0.3782214794617032;0.6252983293556086;0.8257372654155496;1.1208505211338913;0.6727825867448738;0.09193188285253405;1
230;0.6939753116747499;0.5783385909568782;0.7157622739018088;0.711340206185567;0.8277297565261316;0.6901306903352182;-0.20216951805396297;0
231;0.7563050837119824;0.9840633980667033;0.6876513317191283;0.7338308457711443;0.9759901291204951;0.7571215525733889;0.11846044498050727;1
232;0.057514757075827976;-0.49922533998966967;0.7615384615384615;0.7751937984496124;1.19653709349015;1.1455121450844874;0.13851614578825897;1
233;1.9347037484885057;1.4261019878997332;0.7989821882951654;0.9159891598915989;1.3021322728049534;1.552187965307404;0.12346204606411475;1
234;-0.1601423487544376;0.0;0.6995192307692307;0.7201946472019465;1.3582956117639908;1.1467534769587753;0.17694641051566412;1
235;-0.7936507936507957;-0.10221465076661375;0.6587112171837709;0.759493670886076;1.1343866301360555;1.4920505507809267;0.06962172197725953;1
236;0.45668915288640366;0.38395904436860007;0.7994858611825193;0.8469656992084432;1.2198498935513853;1.2206358369198798;-0.3190596137699434;0
237;0.16368073328968852;-0.3483432455395104;0.621867881548975;0.7156626506024096;0.9319441032198786;1.1222017602927117;-0.13688533221016685;0
238;0.6917846857278537;0.3069315372154605;0.6343825665859564;0.8;0.9630628499379169;1.0950754516708463;-0.13608290589343186;0
239;-0.955301332704331;-1.002889682134968;0.645933014354067;0.7551020408163265;1.0601673706304835;1.0829569641890677;0.12313702178251419;1
240;0.06250186017440386;-0.08576329331046129;0.6650124069478908;0.7893333333333333;0.9799258670947408;1.197562413838978;-0.1568527703590616;0
241;0.7373929590865896;0.506437768240337;0.7468030690537084;0.9293785310734464;1.1054839162733363;1.0308411938056148;1.0884238947013125;1
242;-1.0610465116279004;-0.3821656050955408;0.7349397590361446;0.9354838709677419;1.4484483749772288;1.1946438540915068;0.6045541676321258;1
243;0.2859079788958727;0.4003066178349425;0.7889182058047494;0.8031914893617021;1.1637940480784716;0.7903195596420353;0.14268927312405122;1
244;1.3286015954950814;0.9416355615880461;0.6409638554216868;0.8455284552845529;1.0135353586643947;0.8644199594517818;-0.1955318883388135;0
245;1.5422077922077904;1.3193277310924372;0.6706443914081146;0.8134715025906736;1.2981837703057333;1.255887095161073;0.30437643961828753;1
246;2.4335840315708173;2.340248962655602;0.7783505154639175;0.9884726224783862;1.2584216157427137;1.2989478536800327;-0.2756040153694511;0
247;-0.7829977628635378;-1.2403729225780338;0.5933333333333334;0.8671875;1.0638076110842447;0.9845148034598175;-0.5628058727569255;0
248;0.7854438605413431;1.2560545111238854;0.9638888888888889;1.0085227272727273;1.0404152518225387;1.0786279017180145;0.3872216844143419;1
249;2.0179372197309386;1.6782876601264856;0.9068493150684932;1.0291545189504374;1.0901434544393946;0.952652376713489;0.3152697638450993;1
250;1.4230378286310834;0.2390438247011901;0.8530927835051546;1.0368271954674222;1.8230256611295323;1.10310875260542;0.3386876349303796;1
251;-0.6829746129356999;0.15044738300736504;0.7924050632911392;0.7788944723618091;0.7937322086189461;0.654909021683894;0.2559760563934853;1
252;-1.185792349726769;-1.2966476913345961;0.6610169491525424;0.7680412371134021;0.9122618136064515;0.9083295655460106;0.169569293993273;1
253;0.08304958059960538;-0.14379293816904204;0.9118457300275482;0.8756756756756757;1.1190004042637363;0.9662117704164163;-0.14758087032827802;0
254;0.7120691565997985;1.4868105515587526;0.8767123287671232;0.8026315789473685;1.0216671101467583;0.7467282342956939;0.2566161922858435;1
255;-0.9426184456414222;-0.8738781294284416;0.7911227154046997;0.8052631578947368;0.8931367841634875;0.8838539829888248;0.2035371998814377;1
256;-0.04439511653717208;0.2303232467635606;0.7589743589743589;0.8052631578947368;0.6306368616358647;0.8646815943955597;-0.4051130776794554;0
257;1.164503487951974;0.3722182624534634;0.6229508196721312;0.8;0.6317616872710359;0.7730382508633475;-0.1858408810813961;0
258;-0.11263426828932396;-0.3708379359318197;0.707808564231738;0.6782178217821783;0.7047825236402948;0.7410526369859833;-0.17316017316017507;0
259;0.4920285871357789;0.19806686737442844;0.6739659367396593;0.7373737373737373;0.5380561194088723;0.6861840816120881;0.10609454202523096;1
260;-1.0635964912280689;-0.7106198183971565;0.6953316953316954;0.6953316953316954;1.0235649243985503;1.1552235330724911;0.37725414288252856;1
261;0.809402372768604;0.24632499006753122;0.7226277372262774;0.9186991869918699;0.7707875145301599;0.7784525342754725;0.16289521716090985;1
262;-0.2205010887241287;-0.39603960396040166;0.5596330275229358;0.7754569190600522;1.0383226889516395;0.7546230043949119;-0.13825794983210188;0
263;-0.2545374059318326;0.39736151951044213;0.5525727069351231;0.8961748633879781;1.1218563450686891;0.9894718790076615;-0.502394222466442;0
264;0.0055463117027126484;-0.32480392933532914;0.5816091954022988;0.8594594594594595;0.7289411878411891;0.7819854553077796;-0.1143488032806134;0
265;0.6415241057542774;0.42093558891272204;0.7889182058047494;0.842391304347826;0.803172382572839;1.0811092447869337;-0.16095473638754906;0
266;1.2251993708435656;1.2337867763366068;0.7608142493638677;0.8804347826086957;0.8752143793842977;0.9669220166490932;0.39927123308911106;1
267;-0.08453315881326413;-0.0546234880998804;0.6651162790697674;0.826530612244898;0.8553973699894546;1.057457183909652;-0.1880245788830978;0
268;0.6925132231855664;0.14040561622464046;0.5737327188940092;0.7740259740259741;0.7962952973968658;0.8849553663660682;0.22798407975577686;1
269;1.959935029778021;1.6647218980941298;0.8629032258064516;1.0748502994011977;0.925478468160272;1.121206166730234;0.36294536817102613;1
270;0.8895379713223489;0.36728135281964985;0.7192118226600985;0.871313672922252;1.143569900944303;1.2939550843851353;-0.24947081947385277;0
271;1.2191574326289936;1.6002438466814057;1.0144927536231885;1.1253822629969419;1.1167887261889178;1.3071351447513824;-0.21963295238804698;0
272;-0.4518977091659383;-0.6900690069006941;0.8020565552699229;0.6730310262529833;1.535643771179175;1.2128018634462376;-0.2777360756643074;0
273;1.7073426207185456;1.4285714285714288;0.8733153638814016;0.9857142857142858;0.898570466182272;1.1237176874592143;0.37727474478474576;1
274;-0.08993961197480815;-0.08182697314586947;0.7809278350515464;0.8675675675675676;1.1549569671385556;1.200229170380796;-0.29247343674799386;0
275;0.45352642564485557;0.24568195354377215;0.6906474820143885;0.798469387755102;1.1204035107771335;0.9521275946307141;0.13280212483398926;1
276;1.8854390818731463;1.5572858731924424;0.9060773480662984;0.8801089918256131;1.1576328428780138;1.4106441596307662;0.38271089909854084;1
277;-2.1417835671342713;-2.2556390977443557;0.8025316455696202;0.8885941644562334;1.7519848204434252;1.5796592811940104;-0.9608058131539258;0
278;4.8403207083659545;-0.540297163439899;0.875;1.0689655172413792;1.6044787069627064;1.6045812793637018;-0.9964039556487929;0
279;-2.033529959639852;-2.109256449165406;0.8467532467532467;0.8759894459102903;1.2634814418070552;1.221615380725275;0.40236412991164006;1
280;-1.0421063739974792;-1.2064965197215822;0.8388746803069054;0.9972222222222222;1.4828289343392862;1.2810929217173024;0.2425159575500068;1
281;-0.018662187741606863;0.41490527634257734;0.8563829787234043;0.7851662404092071;1.0070767294767482;1.319225340283394;0.19363333591511392;1
282;-0.4305762279396142;-0.21828954548998572;0.6594724220623501;0.9116022099447514;1.240313757743419;1.1391846815237225;0.22519024693273904;1
283;0.8340238979924629;0.5777187914747431;0.7755102040816326;0.9333333333333333;0.9779726493396934;0.8580081366363862;0.2657832903201056;1
284;0.0026523088348533934;0.10856921287321537;0.8547945205479452;0.8247978436657682;1.0326528506541672;0.8235747736956396;0.9639249639249595;1
285;-0.03688092729189757;-0.02312138728323787;0.7028985507246377;0.9915254237288136;0.9189996283523885;0.7988070398208909;0.10717293117967637;1
286;0.8188710146076084;0.5780792353938592;0.6009389671361502;0.7622739018087855;0.8894233848090835;0.9167103159246034;0.41468518166253837;1
287;-0.19895287958114943;-0.16819571865443608;0.8015873015873016;0.732824427480916;1.0077328727617254;0.9506472375748501;0.09900236082552663;1
288;-0.054968066171091075;0.2603369065849841;0.6409638554216868;0.6982543640897756;0.9766937530129883;0.8695140746075541;0.14805816028244154;1
289;0.4410344737597531;0.32756913232268803;0.6295399515738499;0.7037974683544304;0.6053000771985675;0.6511349562866238;0.09062075215223288;1
290;-0.2311748357100149;-0.06829046209879612;0.6232227488151659;0.6545893719806763;0.7248913733284442;0.7012162178569488;0.3515669300268399;1
291;-0.06759918880973191;0.6373292867981762;0.7010050251256281;0.8198924731182796;0.7717512166751631;0.8382422481231215;-0.09010361916203977;0
292;0.7566892893361482;0.1355217587712745;0.7060301507537688;0.9511494252873564;0.6377855231978725;0.6481131596836369;0.2097064110245691;1
293;1.0215136975700303;0.5184072126220816;0.6182669789227166;0.7809278350515464;0.85257360371647;0.7107782093598989;0.1507621866100768;1
294;0.18633857463753783;0.15695067264573256;0.6293706293706294;0.9801699716713881;0.923840169541756;0.9737470547837419;-0.14653781232030685;0
295;-0.06611570247933653;-0.1934092092538853;0.6060606060606061;0.7576530612244898;0.9331188255658457;0.9140820069090486;0.13383894713362096;1
296;-0.7284263959390874;-1.1032426388371204;0.5601851851851852;0.7925531914893617;0.7828758678210934;0.7881027567097876;-0.1653886633588952;0
297;-2.778629856850717;-1.7952779663573928;0.6906474820143885;0.8359375;0.9975235041558241;1.1118113935764335;-0.41366630917726577;0
298;-0.1446150610012651;-0.23811352638451944;0.7549019607843137;0.967032967032967;1.1457746093201324;1.538864143427604;0.4259891775722343;1
299;1.4871064704951713;1.8782233854206742;0.9022346368715084;1.045045045045045;1.1122953324018494;1.0046651272159994;-0.23405058512645383;0
300;1.2903225806451708;0.899402917390974;0.9234972677595629;1.1204819277108433;1.3891806142031247;1.547655549107164;-0.44384515984044404;0
301;0.10081426909654553;-0.5851901868107223;0.7743589743589744;0.8162729658792651;1.0845272406646058;1.403164007095478;0.23988968852117512;1
302;0.02331062705587605;-0.2643504531722065;0.6046511627906976;0.6586538461538461;1.1858801095432148;1.1908055730036244;-0.21954727837080715;0
303;0.29776546438467005;0.4240817872018111;0.5813953488372093;0.7302798982188295;1.0923805493485863;0.9493723586410191;-0.2341212899327889;0
304;-0.45295716319399504;-0.7989749001281364;0.6476190476190476;0.7881136950904393;1.2249804430904927;1.1719497563636863;-0.30230530981657067;0
305;-0.2573902191716738;-0.32697133297847514;0.6357308584686775;0.6866028708133971;1.3064858819449603;1.0774554855313159;-0.2235302883540672;0
306;0.26041666666666663;0.38907537381751717;0.7429305912596401;0.7564766839378239;1.2212603753177713;0.856632648287949;0.919373711483822;1
307;-0.0830607901157642;-0.15951386251423488;0.46336206896551724;0.7189873417721518;1.0968267675085601;0.7672161921046763;0.08352668213457394;1
308;-0.11141628232367903;0.03804017041995591;0.6557788944723618;0.7028423772609819;1.0401913367851976;0.6433184712527673;0.1779887273805928;1
309;0.7092751363990695;0.479087452471474;0.5469107551487414;0.7931034482758621;0.7009381996389206;0.794368523197119;0.17346373869717882;1
310;-0.025819111306194714;0.6656580937972707;0.6327014218009479;0.7989556135770235;0.7424130579923977;0.9098039201048636;-0.2608663702832713;0
311;1.1930277598450625;1.3901412684099828;0.6190476190476191;0.7801047120418848;0.6835272980142304;0.9006215495568893;0.11252677048168284;1
312;1.985739477114156;0.7034431691965854;0.7620253164556962;0.9120879120879121;0.619903901955716;0.8209483840351958;-0.15116613878490515;0
313;-0.1378446115288249;-0.2713803725979229;0.665083135391924;0.7882653061224489;0.644906698373588;0.6931514434693854;-0.13333813831128702;0
314;-0.15791452562977704;0.3756076005302707;0.7091836734693877;0.7447916666666666;0.6631552162756112;0.8769923092465056;-0.23729057309268337;0
315;0.7879943786388242;0.5862094233164803;0.5768321513002365;0.8476454293628809;0.6766444337686742;1.0010028179192836;0.4677736118550267;1
316;-0.04479840716774684;-0.18195050946142907;0.8212435233160622;0.9103260869565217;0.907023833226218;1.0967423693904454;-0.281891168599467;0
317;-0.8361621405750714;-0.9478672985781919;0.8272251308900523;0.9335180055401662;1.324153047287698;1.2441747952140025;-1.0874465744531234;0
318;1.057934508816118;1.0821554770318038;0.7938931297709924;1.0735294117647058;1.1716893866390012;1.098567953634803;-0.18734945133375677;0
319;-0.17185982216244433;-0.18931119848550898;0.6791979949874687;0.8059299191374663;0.9059800596546012;0.9959460573110843;-3.4248412769382086;0
320;-0.48263534218591503;-0.9532320524277638;0.7266187050359713;0.9302949061662198;1.4417137390495203;1.3938481187082528;-0.4048582995951526;0
321;-0.19245079674629853;-0.09007656508030835;0.6610169491525424;0.7911227154046997;0.8830300344673176;0.8852631556234415;-0.16230173367761153;0
322;0.08991881615454883;-0.015037593984967427;0.5403587443946188;0.7615384615384615;0.9551931700885937;0.8034071339869505;-0.11078286558344752;0
323;0.3105829205061825;0.09017132551848854;0.5668202764976958;0.9101123595505618;1.1052926572042463;0.9137979474363673;0.29802420986791095;1
324;-0.2356074574882237;-0.46448906203177376;0.6052009456264775;0.8106666666666666;1.190189713239368;1.0036260460462527;-0.07388252678241439;0
325;-0.26206258671189525;-0.23385636692818787;0.48123620309050774;0.7205128205128205;1.0074034394258438;0.7606221203652418;0.25818674889016063;1
326;-1.7825862957238578;-1.514692517418972;0.5491071428571429;0.7525252525252525;0.9152002213205372;1.148477742401019;0.1359619306594071;1
327;-0.8765483938694184;-0.8848195737477896;0.6157517899761337;0.8150134048257373;1.2979547760757544;1.0296434130136363;0.10868114477471554;1
328;-0.9202535338266026;-1.1636927851047352;0.5756880733944955;0.770618556701031;1.2952645913196354;0.8551575322085279;0.1889338731444112;1
329;-0.07226980728052426;-0.14133165829146263;0.5945330296127562;0.8134715025906736;1.4274551762231416;1.0271185456209515;0.07717835918808201;1
330;0.8073384652522574;0.37706205813040095;0.6714285714285714;0.7908163265306123;1.6077637435831467;1.028401515280871;0.41850643117680253;1
331;0.13297872340425532;-0.07026309626043067;0.7153284671532847;0.7669172932330827;1.6354685006528615;1.3501740101743567;-0.3005302348729857;0
332;-1.3937559732398852;-1.250000000000001;0.6348837209302326;0.6013667425968109;1.117734589212656;1.142660289521057;-0.21908990441475762;0
333;0.41391173466645714;0.2370604504148648;0.6715328467153284;0.8821917808219178;1.2167734300446478;1.2782991155941386;0.3206242515548283;1
334;-0.6853715999143293;-0.47247814788566417;0.6715328467153284;0.7797927461139896;1.2339547661015347;1.0265888124153142;-0.14948843891359817;0
335;0.333190025795344;0.5140371688414495;0.72264631043257;0.8346883468834688;0.8993087196288359;0.92471302065954;0.15051522519392505;1
336;-0.9935725763256508;-0.47963516276144;0.7055961070559611;0.7882653061224489;0.8307068784767894;0.9353584774452153;0.14205927569229648;1
337;-0.03245962833725677;0.0;0.6142857142857143;0.5106951871657754;0.08833574322055539;0.0968534601233175;-0.10680648606662166;0
338;-0.14611180258671022;-0.007887057338902482;0.6235294117647059;0.7079207920792079;0.9332473746970101;1.0620825614908298;0.2834401087167556;1
339;-0.33306255077173524;-0.5200945626477459;0.5287356321839081;0.7183462532299741;0.6237623481666233;0.7673406249717337;0.1190220678620904;1
340;0.144170610956959;-0.19801980198020083;0.44967880085653106;1.0391566265060241;0.8117778343341252;0.9314460979858997;-0.11529968146019719;0
341;0.3588419192605663;0.1508894536213479;0.4745011086474501;0.6750629722921915;0.8319203189955933;0.7016156169782484;0.3257583146396208;1
342;-0.7904710341093555;-0.8221993833504563;0.5377574370709383;0.7055837563451777;0.7150881818488847;0.7637115244426623;-0.32645034414945295;0
343;-1.2022572994193248;-0.6374501992031878;0.60431654676259;0.7022900763358778;0.8916064120739752;0.8960808538028695;-0.13069824547507328;0
344;-1.3154991726420404;-1.1948676824378581;0.6402877697841727;0.7674418604651163;1.1260607579600914;1.3544015131001514;-0.21268911272524726;0
345;-0.1847394054749953;-0.17078724788548325;0.619277108433735;0.7545691906005222;1.2110968600246512;0.8066089952882406;0.5712906340521525;1
346;0.8940332389787276;0.9472150259067286;0.806970509383378;0.8932584269662921;0.8925828492951263;1.0727707099274382;-0.37033369640558;0
347;-1.7886901455393838;-1.211003288154622;0.6881188118811881;0.7178841309823678;1.1774086554295196;1.4807841668122557;-0.4355243351731176;0
348;-0.3882779730189173;-0.3001054424527602;0.7952755905511811;0.9431818181818182;1.1255055363182582;0.8757679064841658;0.1932211577167773;1
349;0.40057956191936367;0.05693371289141662;0.5192743764172335;0.9705882352941176;0.9095017054873222;1.075351113163857;-0.5086756338339526;0
350;0.05942443193073839;0.2681618722574456;0.6276346604215457;0.7684478371501272;0.7971832257271064;0.9614484707672482;-0.1603592046183559;0
351;0.12713660121485765;0.2995951417004114;0.6301703163017032;0.8108108108108109;1.0818266817579298;1.2315919533592292;0.25006501690439514;1
352;0.0676094427855116;-0.008070373658295906;0.5862884160756501;0.8535911602209945;0.8597734831141524;0.8625491868728073;0.22013207924754738;1
353;0.5961084242492422;0.7425942368229924;0.5765550239234449;0.9671641791044776;0.8283609141475469;0.9864978661607736;-0.11114639568116343;0
354;-0.8509685365580619;-0.7439999999999998;0.5710955710955711;0.7690288713910761;1.184965056432595;1.0104048934695313;-0.20623510802313524;0
355;1.0734160051975965;0.6528046421663548;0.6195121951219512;1.0;0.9754267160231515;1.0153835079082492;-0.22057508495120937;0
356;1.1382705000559328;1.105149355329542;0.6871794871794872;0.975975975975976;0.8003739059997738;0.9900417552913847;-0.1004431314623516;0
357;0.893228660989201;0.8954041204437506;0.8701657458563536;0.9398280802292264;0.8030394252030999;0.9383526909838813;-0.21875000000000366;0
358;1.4847401704701773;1.1308752503239496;0.9153005464480874;1.2253968253968255;1.170052123769929;1.1843746507151418;-0.20438856966564067;0
359;0.5633802816901365;0.37996277915632354;0.952513966480447;0.9098360655737705;1.0548594504988573;1.3275072842351017;0.31167032205933093;1
